Role,Question,Ideal_Answer
Data Engineer,How would you handle GitHub in a Data Engineer context?,"In Data Engineer roles, mastering GitHub involves deep understanding of performance and design."
Software Engineer,How would you handle Ethereum in a Software Engineer context?,"In Software Engineer roles, mastering Ethereum involves deep understanding of performance and design."
Sales Executive,How would you handle UI Design in a Sales Executive context?,"In Sales Executive roles, mastering UI Design involves deep understanding of performance and design."
Data Analyst,How would you handle Kubernetes in a Data Analyst context?,"In Data Analyst roles, mastering Kubernetes involves deep understanding of performance and design."
AI Researcher,How would you handle GitHub in a AI Researcher context?,"In AI Researcher roles, mastering GitHub involves deep understanding of performance and design."
Machine Learning Engineer,How would you handle AWS in a Machine Learning Engineer context?,"In Machine Learning Engineer roles, mastering AWS involves deep understanding of performance and design."
System Administrator,How would you handle Natural Language Processing in a System Administrator context?,"In System Administrator roles, mastering Natural Language Processing involves deep understanding of performance and design."
Cloud Architect,How would you handle Confluence in a Cloud Architect context?,"In Cloud Architect roles, mastering Confluence involves deep understanding of performance and design."
Business Analyst,How would you handle Go in a Business Analyst context?,"In Business Analyst roles, mastering Go involves deep understanding of performance and design."
Mobile App Developer,How would you handle Node.js in a Mobile App Developer context?,"In Mobile App Developer roles, mastering Node.js involves deep understanding of performance and design."
AI Researcher,How would you handle Tableau in a AI Researcher context?,"In AI Researcher roles, mastering Tableau involves deep understanding of performance and design."
Data Analyst,How would you handle Azure in a Data Analyst context?,"In Data Analyst roles, mastering Azure involves deep understanding of performance and design."
Blockchain Developer,How would you handle Docker in a Blockchain Developer context?,"In Blockchain Developer roles, mastering Docker involves deep understanding of performance and design."
AI Researcher,How would you handle MongoDB in a AI Researcher context?,"In AI Researcher roles, mastering MongoDB involves deep understanding of performance and design."
Graphic Designer,How would you handle Azure in a Graphic Designer context?,"In Graphic Designer roles, mastering Azure involves deep understanding of performance and design."
Blockchain Developer,How would you handle Django in a Blockchain Developer context?,"In Blockchain Developer roles, mastering Django involves deep understanding of performance and design."
Game Developer,How would you handle Swift in a Game Developer context?,"In Game Developer roles, mastering Swift involves deep understanding of performance and design."
DevOps Engineer,How would you handle CSS in a DevOps Engineer context?,"In DevOps Engineer roles, mastering CSS involves deep understanding of performance and design."
QA Engineer,How would you handle CSS in a QA Engineer context?,"In QA Engineer roles, mastering CSS involves deep understanding of performance and design."
QA Engineer,How would you handle Kotlin in a QA Engineer context?,"In QA Engineer roles, mastering Kotlin involves deep understanding of performance and design."
Database Administrator,How would you handle Smart Contracts in a Database Administrator context?,"In Database Administrator roles, mastering Smart Contracts involves deep understanding of performance and design."
Business Analyst,How would you handle Jira in a Business Analyst context?,"In Business Analyst roles, mastering Jira involves deep understanding of performance and design."
Sales Executive,How would you handle PHP in a Sales Executive context?,"In Sales Executive roles, mastering PHP involves deep understanding of performance and design."
Scrum Master,How would you handle Sketch in a Scrum Master context?,"In Scrum Master roles, mastering Sketch involves deep understanding of performance and design."
DevOps Engineer,How would you handle PyTorch in a DevOps Engineer context?,"In DevOps Engineer roles, mastering PyTorch involves deep understanding of performance and design."
Backend Developer,How would you handle Adobe XD in a Backend Developer context?,"In Backend Developer roles, mastering Adobe XD involves deep understanding of performance and design."
Data Scientist,How would you handle NumPy in a Data Scientist context?,"In Data Scientist roles, mastering NumPy involves deep understanding of performance and design."
Full Stack Developer,How would you handle Illustrator in a Full Stack Developer context?,"In Full Stack Developer roles, mastering Illustrator involves deep understanding of performance and design."
Machine Learning Engineer,How would you handle Data Analysis in a Machine Learning Engineer context?,"In Machine Learning Engineer roles, mastering Data Analysis involves deep understanding of performance and design."
Scrum Master,How would you handle Swift in a Scrum Master context?,"In Scrum Master roles, mastering Swift involves deep understanding of performance and design."
Database Administrator,How would you handle Computer Vision in a Database Administrator context?,"In Database Administrator roles, mastering Computer Vision involves deep understanding of performance and design."
Cloud Architect,How would you handle Go in a Cloud Architect context?,"In Cloud Architect roles, mastering Go involves deep understanding of performance and design."
Data Engineer,How would you handle Network Security in a Data Engineer context?,"In Data Engineer roles, mastering Network Security involves deep understanding of performance and design."
Backend Developer,How would you handle Excel in a Backend Developer context?,"In Backend Developer roles, mastering Excel involves deep understanding of performance and design."
Financial Analyst,How would you handle ASP.NET in a Financial Analyst context?,"In Financial Analyst roles, mastering ASP.NET involves deep understanding of performance and design."
Legal Advisor,How would you handle TensorFlow in a Legal Advisor context?,"In Legal Advisor roles, mastering TensorFlow involves deep understanding of performance and design."
Machine Learning Engineer,How would you handle Figma in a Machine Learning Engineer context?,"In Machine Learning Engineer roles, mastering Figma involves deep understanding of performance and design."
Frontend Developer,How would you handle Kotlin in a Frontend Developer context?,"In Frontend Developer roles, mastering Kotlin involves deep understanding of performance and design."
Accountant,How would you handle Sketch in a Accountant context?,"In Accountant roles, mastering Sketch involves deep understanding of performance and design."
Content Creator,How would you handle Natural Language Processing in a Content Creator context?,"In Content Creator roles, mastering Natural Language Processing involves deep understanding of performance and design."
Site Reliability Engineer,How would you handle CSS in a Site Reliability Engineer context?,"In Site Reliability Engineer roles, mastering CSS involves deep understanding of performance and design."
Frontend Developer,How would you handle Redis in a Frontend Developer context?,"In Frontend Developer roles, mastering Redis involves deep understanding of performance and design."
DevOps Engineer,How would you handle Natural Language Processing in a DevOps Engineer context?,"In DevOps Engineer roles, mastering Natural Language Processing involves deep understanding of performance and design."
Business Analyst,How would you handle Cybersecurity in a Business Analyst context?,"In Business Analyst roles, mastering Cybersecurity involves deep understanding of performance and design."
AI Researcher,How would you handle Java in a AI Researcher context?,"In AI Researcher roles, mastering Java involves deep understanding of performance and design."
System Administrator,How would you handle Java in a System Administrator context?,"In System Administrator roles, mastering Java involves deep understanding of performance and design."
Security Analyst,How would you handle Elasticsearch in a Security Analyst context?,"In Security Analyst roles, mastering Elasticsearch involves deep understanding of performance and design."
Blockchain Developer,How would you handle Flask in a Blockchain Developer context?,"In Blockchain Developer roles, mastering Flask involves deep understanding of performance and design."
Video Editor,How would you handle JavaScript in a Video Editor context?,"In Video Editor roles, mastering JavaScript involves deep understanding of performance and design."
Customer Success Manager,How would you handle Ansible in a Customer Success Manager context?,"In Customer Success Manager roles, mastering Ansible involves deep understanding of performance and design."
Legal Advisor,How would you handle Cybersecurity in a Legal Advisor context?,"In Legal Advisor roles, mastering Cybersecurity involves deep understanding of performance and design."
Machine Learning Engineer,How would you handle C++ in a Machine Learning Engineer context?,"In Machine Learning Engineer roles, mastering C++ involves deep understanding of performance and design."
Content Creator,How would you handle MacOS in a Content Creator context?,"In Content Creator roles, mastering MacOS involves deep understanding of performance and design."
Product Manager,How would you handle Ethereum in a Product Manager context?,"In Product Manager roles, mastering Ethereum involves deep understanding of performance and design."
Cloud Architect,How would you handle Python in a Cloud Architect context?,"In Cloud Architect roles, mastering Python involves deep understanding of performance and design."
Video Editor,How would you handle React in a Video Editor context?,"In Video Editor roles, mastering React involves deep understanding of performance and design."
Backend Developer,How would you handle MySQL in a Backend Developer context?,"In Backend Developer roles, mastering MySQL involves deep understanding of performance and design."
Site Reliability Engineer,How would you handle Deep Learning in a Site Reliability Engineer context?,"In Site Reliability Engineer roles, mastering Deep Learning involves deep understanding of performance and design."
Sales Executive,How would you handle Computer Vision in a Sales Executive context?,"In Sales Executive roles, mastering Computer Vision involves deep understanding of performance and design."
IT Support Specialist,How would you handle Smart Contracts in a IT Support Specialist context?,"In IT Support Specialist roles, mastering Smart Contracts involves deep understanding of performance and design."
Financial Analyst,How would you handle Natural Language Processing in a Financial Analyst context?,"In Financial Analyst roles, mastering Natural Language Processing involves deep understanding of performance and design."
System Administrator,How would you handle Deep Learning in a System Administrator context?,"In System Administrator roles, mastering Deep Learning involves deep understanding of performance and design."
HR Manager,How would you handle Figma in a HR Manager context?,"In HR Manager roles, mastering Figma involves deep understanding of performance and design."
SEO Specialist,How would you handle Data Analysis in a SEO Specialist context?,"In SEO Specialist roles, mastering Data Analysis involves deep understanding of performance and design."
Legal Advisor,How would you handle React in a Legal Advisor context?,"In Legal Advisor roles, mastering React involves deep understanding of performance and design."
Site Reliability Engineer,How would you handle UI Design in a Site Reliability Engineer context?,"In Site Reliability Engineer roles, mastering UI Design involves deep understanding of performance and design."
Technical Recruiter,How would you handle TensorFlow in a Technical Recruiter context?,"In Technical Recruiter roles, mastering TensorFlow involves deep understanding of performance and design."
Data Analyst,How would you handle Python in a Data Analyst context?,"In Data Analyst roles, mastering Python involves deep understanding of performance and design."
Content Creator,How would you handle C++ in a Content Creator context?,"In Content Creator roles, mastering C++ involves deep understanding of performance and design."
Backend Developer,How would you handle Windows in a Backend Developer context?,"In Backend Developer roles, mastering Windows involves deep understanding of performance and design."
Software Engineer,How would you handle Network Security in a Software Engineer context?,"In Software Engineer roles, mastering Network Security involves deep understanding of performance and design."
Backend Developer,How would you handle SQL in a Backend Developer context?,"In Backend Developer roles, mastering SQL involves deep understanding of performance and design."
UI/UX Designer,How would you handle Windows in a UI/UX Designer context?,"In UI/UX Designer roles, mastering Windows involves deep understanding of performance and design."
Marketing Specialist,How would you handle Swift in a Marketing Specialist context?,"In Marketing Specialist roles, mastering Swift involves deep understanding of performance and design."
Content Creator,How would you handle Google Cloud in a Content Creator context?,"In Content Creator roles, mastering Google Cloud involves deep understanding of performance and design."
Graphic Designer,How would you handle Scikit in a Graphic Designer context?,"In Graphic Designer roles, mastering Scikit involves deep understanding of performance and design."
Database Administrator,How would you handle C# in a Database Administrator context?,"In Database Administrator roles, mastering C# involves deep understanding of performance and design."
Security Analyst,How would you handle Power BI in a Security Analyst context?,"In Security Analyst roles, mastering Power BI involves deep understanding of performance and design."
UI/UX Designer,How would you handle Java in a UI/UX Designer context?,"In UI/UX Designer roles, mastering Java involves deep understanding of performance and design."
Technical Recruiter,How would you handle Spring Boot in a Technical Recruiter context?,"In Technical Recruiter roles, mastering Spring Boot involves deep understanding of performance and design."
Game Developer,How would you handle React in a Game Developer context?,"In Game Developer roles, mastering React involves deep understanding of performance and design."
Data Analyst,How would you handle Computer Vision in a Data Analyst context?,"In Data Analyst roles, mastering Computer Vision involves deep understanding of performance and design."
Graphic Designer,How would you handle Agile in a Graphic Designer context?,"In Graphic Designer roles, mastering Agile involves deep understanding of performance and design."
Legal Advisor,How would you handle Smart Contracts in a Legal Advisor context?,"In Legal Advisor roles, mastering Smart Contracts involves deep understanding of performance and design."
Backend Developer,How would you handle Elasticsearch in a Backend Developer context?,"In Backend Developer roles, mastering Elasticsearch involves deep understanding of performance and design."
DevOps Engineer,How would you handle Machine Learning in a DevOps Engineer context?,"In DevOps Engineer roles, mastering Machine Learning involves deep understanding of performance and design."
Legal Advisor,How would you handle Git in a Legal Advisor context?,"In Legal Advisor roles, mastering Git involves deep understanding of performance and design."
HR Manager,How would you handle UI Design in a HR Manager context?,"In HR Manager roles, mastering UI Design involves deep understanding of performance and design."
Product Manager,How would you handle Kotlin in a Product Manager context?,"In Product Manager roles, mastering Kotlin involves deep understanding of performance and design."
Business Analyst,How would you handle Express.js in a Business Analyst context?,"In Business Analyst roles, mastering Express.js involves deep understanding of performance and design."
Blockchain Developer,How would you handle TypeScript in a Blockchain Developer context?,"In Blockchain Developer roles, mastering TypeScript involves deep understanding of performance and design."
Site Reliability Engineer,How would you handle Natural Language Processing in a Site Reliability Engineer context?,"In Site Reliability Engineer roles, mastering Natural Language Processing involves deep understanding of performance and design."
Customer Success Manager,How would you handle Flask in a Customer Success Manager context?,"In Customer Success Manager roles, mastering Flask involves deep understanding of performance and design."
IT Support Specialist,How would you handle Solidity in a IT Support Specialist context?,"In IT Support Specialist roles, mastering Solidity involves deep understanding of performance and design."
QA Engineer,How would you handle Django in a QA Engineer context?,"In QA Engineer roles, mastering Django involves deep understanding of performance and design."
Mobile App Developer,How would you handle UX Design in a Mobile App Developer context?,"In Mobile App Developer roles, mastering UX Design involves deep understanding of performance and design."
Content Creator,How would you handle Scikit in a Content Creator context?,"In Content Creator roles, mastering Scikit involves deep understanding of performance and design."
Security Analyst,How would you handle Adobe XD in a Security Analyst context?,"In Security Analyst roles, mastering Adobe XD involves deep understanding of performance and design."
Legal Advisor,How would you handle Smart Contracts in a Legal Advisor context?,"In Legal Advisor roles, mastering Smart Contracts involves deep understanding of performance and design."
Data Engineer,How would you handle Photoshop in a Data Engineer context?,"In Data Engineer roles, mastering Photoshop involves deep understanding of performance and design."
